{"price_26.0_demand_10_unsold_0": [-0.9549970000000001, 0.0, 0.0], "price_24.0_demand_10_unsold_0": [-0.5, 0.0, 0.0], "price_27.0_demand_10_unsold_0": [-1.4028424, -0.88327, -0.95], "price_28.0_demand_10_unsold_0": [-3.2280883203742006, -2.5201757593000003, -1.84740982], "price_0.0_demand_0_unsold_0": [-0.95, 0.0, 0.0], "price_29.0_demand_10_unsold_0": [-2.2448928840000004, -2.509334500573, -2.5186760371473], "price_30.0_demand_10_unsold_0": [-1.317322, -2.149346748697, -1.377562], "price_32.0_demand_10_unsold_0": [-1.2994320000000001, -1.45959518, -0.9218800000000001], "price_33.0_demand_10_unsold_0": [-0.4852000000000001, -1.4867421600000001, -0.47550000000000003], "price_34.0_demand_10_unsold_0": [-0.4852000000000001, -0.9218800000000001, 0.0]}