{"prod_clips_0_auto_0_mega_0_rate_0": [3.043688878972741, -7.346789466452836, -7.661153937097335, 1.8363191460789619], "prod_clips_1_auto_0_mega_0_rate_0": [0.32446224297143, -3.063968822310072, -2.9382550539809755, 0.7513587765880337], "prod_clips_2_auto_0_mega_0_rate_0": [0.9608002882472465, -1.7609001299589817, -2.6151500000000003, 0.19804315289984514], "prod_clips_3_auto_0_mega_0_rate_0": [0.0, -1.6627980512779104, -2.4619007731135727, 1.3648798142182617], "prod_clips_4_auto_0_mega_0_rate_0": [1.4732177459887388, -3.006055325401126, 0.0, 0.07968770000000001], "prod_clips_5_auto_0_mega_0_rate_0": [1.4585780738113834, 0.0, -0.8164929023807833, 0.0], "prod_clips_6_auto_0_mega_0_rate_0": [1.2967303772065588, -0.8060673285255892, -0.9050673285255892, 0.0], "prod_clips_7_auto_0_mega_0_rate_0": [0.4296222426760601, -1.5228680564783943, -0.8057003119400001, 0.102262224267606], "prod_clips_7_auto_0_mega_0_rate_1": [0.07, 0.0, -0.9247000000000001, 0.0], "prod_clips_8_auto_0_mega_0_rate_0": [0.3486573, 0.0, 0.0, 0.0], "prod_clips_8_auto_0_mega_0_rate_1": [1.188541616987, -0.8004458383012999, -0.8864856999999999, 0.19139814313000003], "prod_clips_9_auto_0_mega_0_rate_1": [0.0, 0.0, 0.0, 0.3797788267800001], "prod_clips_9_auto_0_mega_0_rate_0": [1.002586742, 0.0, -1.668628478, 0.10185460200000002], "prod_clips_10_auto_0_mega_0_rate_0": [0.26557933974000003, -0.8740000000000001, 0.0, 0.0], "prod_clips_10_auto_1_mega_0_rate_0": [0.21542837855975144, -6.587839415851445, -3.4275403985711765, 0.0038031518939477906], "prod_clips_10_auto_1_mega_0_rate_1": [0.40770250286475, 0.0, 0.0, 0.0], "prod_clips_11_auto_1_mega_0_rate_1": [1.6926007758985, 0.0, 0.0, 0.0], "prod_clips_12_auto_1_mega_0_rate_1": [2.00156912800048, 0.0, 0.0, 0.0], "prod_clips_13_auto_1_mega_0_rate_1": [1.0411328610928392, 0.0, 0.0, 0.0], "prod_clips_14_auto_1_mega_0_rate_1": [0.8209134268135241, 0.0, 0.0, 0.0], "prod_clips_15_auto_1_mega_0_rate_1": [0.759266432098, -0.73328621898, -0.8332862189800001, 0.0], "prod_clips_16_auto_1_mega_0_rate_1": [0.78643653714893, 0.0, 0.0, 0.0], "prod_clips_17_auto_1_mega_0_rate_1": [0.127, -0.855774087, 0.0, 0.6529586015798701], "prod_clips_18_auto_1_mega_0_rate_1": [0.7968273978186001, 0.0, 0.0, 0.0], "prod_clips_19_auto_1_mega_0_rate_1": [1.1125853591895292, 0.0, 0.0, 0.0], "prod_clips_20_auto_1_mega_0_rate_0": [1.7250216961138782, -1.6051887109842622, -0.9657698661585729, 0.024322332070988568], "prod_clips_20_auto_1_mega_0_rate_1": [0.32475845760000005, 0.0, 0.0, 0.0], "prod_clips_21_auto_1_mega_0_rate_1": [0.561080278, 0.0, 0.0, 0.0], "prod_clips_22_auto_1_mega_0_rate_1": [3.0779447557300004, 0.0, -0.58036865857, 0.0], "prod_clips_23_auto_1_mega_0_rate_1": [0.9246568117800001, -0.78412210802, 0.0, 0.0], "prod_clips_24_auto_1_mega_0_rate_1": [2.933323846, 0.0, 0.0, 0.0], "prod_clips_25_auto_1_mega_0_rate_1": [3.061283088, 0.0, 0.0, 0.0], "prod_clips_26_auto_1_mega_0_rate_1": [2.8949808, 0.0, 0.0, 0.0], "prod_clips_27_auto_1_mega_0_rate_1": [2.2830180383000003, 0.0, 0.0, 0.37395131700000006], "prod_clips_28_auto_1_mega_0_rate_1": [2.543210697, 0.0, 0.0, 0.0], "prod_clips_29_auto_1_mega_0_rate_1": [2.6752193, -0.02563000000000004, 0.0, 0.0], "prod_clips_30_auto_1_mega_0_rate_1": [2.70711146, 0.0, 0.0, 0.0], "prod_clips_30_auto_1_mega_0_rate_0": [1.252648478968045, 0.0, 0.0, 0.051938230198792415], "prod_clips_31_auto_1_mega_0_rate_1": [2.607801675, 0.0, 0.0, 0.0], "prod_clips_32_auto_1_mega_0_rate_1": [2.3350277790000002, 0.0, 0.0, 0.0], "prod_clips_33_auto_1_mega_0_rate_1": [3.4035934910000005, 0.0, 0.0, 0.0], "prod_clips_34_auto_1_mega_0_rate_1": [3.7292860820000007, 0.0, 0.0, 0.0], "prod_clips_35_auto_1_mega_0_rate_1": [2.9566309700000004, 0.0, 0.0, 0.0], "prod_clips_36_auto_1_mega_0_rate_1": [3.0156493812700003, 0.0, 0.0, 0.0], "prod_clips_37_auto_1_mega_0_rate_1": [1.7809611960000002, 0.0, 0.0, 0.0], "prod_clips_38_auto_1_mega_0_rate_1": [3.2832100372000004, 0.0, 0.0, 0.0], "prod_clips_39_auto_1_mega_0_rate_1": [2.094921196, 0.0, 0.0, 0.0], "prod_clips_40_auto_1_mega_0_rate_1": [0.870802007, 0.0, 0.0, 0.0], "prod_clips_40_auto_1_mega_0_rate_0": [2.169666469524683, 0.0, 0.0, 0.0], "prod_clips_41_auto_1_mega_0_rate_1": [3.0015337619, 0.0, 0.0, 0.0], "prod_clips_42_auto_1_mega_0_rate_1": [2.086990697, 0.0, 0.0, 0.0], "prod_clips_43_auto_1_mega_0_rate_1": [2.6340276273000005, 0.0, 0.0, 0.0], "prod_clips_44_auto_1_mega_0_rate_1": [3.078990997, 0.0, 0.0, 0.0], "prod_clips_45_auto_1_mega_0_rate_1": [3.1114946860000003, 0.0, 0.0, 0.0], "prod_clips_46_auto_1_mega_0_rate_1": [1.8649848329, 0.0, 0.0, 0.0], "prod_clips_47_auto_1_mega_0_rate_1": [2.5592298980000003, 0.0, 0.0, 0.0], "prod_clips_48_auto_1_mega_0_rate_1": [2.3809403827, 0.0, 0.0, 0.0], "prod_clips_49_auto_1_mega_0_rate_1": [3.06462709, 0.0, 0.0, 0.0], "prod_clips_50_auto_1_mega_0_rate_1": [49.58100644962525, 7.293743616373234, 0.0, 0.0], "prod_clips_50_auto_1_mega_0_rate_2": [46.61890015059273, 0.9472794283554979, 0.0, 1.2653405139983789], "prod_clips_50_auto_1_mega_0_rate_0": [0.8726546993902102, 0.0, 0.0, 0.0]}