{"res_wire_10_funds_0_ratio_0": [1.71, 9.9], "res_wire_9_funds_0_ratio_0": [0.0, 0.0], "res_wire_9_funds_0.0_ratio_0.0": [6.950203916134749, 6.465027933946422], "res_wire_0_funds_0_ratio_0": [-3.0, 0.0]}